answer,question,context,topic
Sounds nice! Where is it?,It will be hosted at the local park in den Hague.,Bot: Sounds nice! Where is it? User: It will be hosted at the local park.,location
"I like this area. Are you looking for a DJ, band, ensemble or solo artist?",I'm looking for a solo artist.,"Bot: Sounds nice! Where is it? User: It will be hosted at the local park in den Hague. Bot: I like this area. Are you looking for a DJ, band, ensemble or solo artist? User: I'm looking for a solo artist.",formation
Good choice. Which music genre are you interested in?,I'm interested in classical music.,"Bot: Sounds nice! Where is it? User: It will be hosted at the local park in den Hague. Bot: I like this area. Are you looking for a DJ, band, ensemble or solo artist? User: I'm looking for a solo artist. Bot: Good choice. Which music genre are you interested in? User: I'm interested in classical music.",genre
Nice. How much would you like to pay?,I have a budget of $800.,"Bot: Sounds nice! Where is it? User: It will be hosted at the local park in den Hague. Bot: I like this area. Are you looking for a DJ, band, ensemble or solo artist? User: I'm looking for a solo artist. Bot: Good choice. Which music genre are you interested in? User: I'm interested in classical music. Bot: Nice. How much would you like to pay? User: I have a budget of $800.",price
Noted. Check the website. Here are some artists that might interest you.,,"Bot: Sounds nice! Where is it? User: It will be hosted at the local park in den Hague. Bot: I like this area. Are you looking for a DJ, band, ensemble or solo artist? User: I'm looking for a solo artist. Bot: Good choice. Which music genre are you interested in? User: I'm interested in classical music. Bot: Nice. How much would you like to pay? User: I have a budget of $800. Bot: Noted. Check the website. Here are some artists that might interest you.",conclusion
That sounds fantastic! Can you tell me the venue for this event?,The event will take place in the community park in Amsterdam.,Bot: That sounds fantastic! Can you tell me the venue for this event? User: The event will take place in the community park.,location
"Great location! What kind of music performance are you envisioning? A DJ, a full band, a small group, or perhaps a solo performer?","Actually, I'm thinking of hiring a solo performer.","Bot: That sounds fantastic! Can you tell me the venue for this event? User: The event will take place in the community park in Amsterdam. Bot: Great location! What kind of music performance are you envisioning? A DJ, a full band, a small group, or perhaps a solo performer? User: Actually, I'm thinking of hiring a solo performer.",formation
Excellent choice. Do you have a particular music style in mind for this solo performer?,"Yes, I would prefer classical music for the event.","Bot: That sounds fantastic! Can you tell me the venue for this event? User: The event will take place in the community park in Amsterdam. Bot: Great location! What kind of music performance are you envisioning? A DJ, a full band, a small group, or perhaps a solo performer? User: Actually, I'm thinking of hiring a solo performer. Bot: Excellent choice. Do you have a particular music style in mind for this solo performer? User: Yes, I would prefer classical music for the event.",genre
Sounds elegant. What's your budget for booking the artist?,My budget is around $800.,"Bot: That sounds fantastic! Can you tell me the venue for this event? User: The event will take place in the community park in Amsterdam. Bot: Great location! What kind of music performance are you envisioning? A DJ, a full band, a small group, or perhaps a solo performer? User: Actually, I'm thinking of hiring a solo performer. Bot: Excellent choice. Do you have a particular music style in mind for this solo performer? User: Yes, I would prefer classical music for the event. Bot: Sounds elegant. What's your budget for booking the artist? User: My budget is around $800.",price
Understood. I've curated a selection that fits your criteria.,,"Bot: That sounds fantastic! Can you tell me the venue for this event? User: The event will take place in the community park in Amsterdam. Bot: Great location! What kind of music performance are you envisioning? A DJ, a full band, a small group, or perhaps a solo performer? User: Actually, I'm thinking of hiring a solo performer. Bot: Excellent choice. Do you have a particular music style in mind for this solo performer? User: Yes, I would prefer classical music for the event. Bot: Sounds elegant. What's your budget for booking the artist? User: My budget is around $800. Bot: Understood. I've curated a selection that fits your criteria.",conclusion
Cool! Could you tell me where is it?,Monachium,Bot: Cool! Could you tell me where is it? User: Monachium,location
"Sounds promising. Are you looking for a DJ, band, ensemble or solo artist?",i dont care.,"Bot: Cool! Could you tell me where is it? User: Monachium. Bot: Sounds promising. Are you looking for a DJ, band, ensemble or solo artist? User: i dont care.",formation
Okay then. Which music genre are you interested in?,maybe hip hop or rock,"Bot: Cool! Could you tell me where is it? User: Monachium. Bot: Sounds promising. Are you looking for a DJ, band, ensemble or solo artist? User: i dont care. Bot: Okay then. Which music genre are you interested in? User: maybe hip hop or rock",genre
Okay. How much would you like to pay?,i dont wont to spend more than 1000 euros,"Bot: Cool! Could you tell me where is it? User: Monachium. Bot: Sounds promising. Are you looking for a DJ, band, ensemble or solo artist? User: i dont care. Bot: Okay then. Which music genre are you interested in? User: maybe hip hop or rock. Bot: Okay. How much would you like to pay? User: i dont wont to spend more than 1000 euros",price
Noted. Here are some artists that might interest you.,,"Bot: Cool! Could you tell me where is it? User: Monachium. Bot: Sounds promising. Are you looking for a DJ, band, ensemble or solo artist? User: i dont care. Bot: Okay then. Which music genre are you interested in? User: maybe hip hop or rock. Bot: Okay. How much would you like to pay? User: i dont wont to spend more than 1000 euros. Bot: Noted. Here are some artists that might interest you.",conclusion
That sounds great! Can you share the location of the event?,Monachium,Bot: That sounds great! Can you share the location of the event? User: Monachium,location
"Interesting. What type of musical act are you considering? DJ, band, ensemble, or a solo artist?",i dont care.,"Bot: That sounds great! Can you share the location of the event? User: Monachium. Bot: Interesting. What type of musical act are you considering? DJ, band, ensemble, or a solo artist? User: i dont care.",formation
"Alright. Do you have a preference for the music genre? Hip hop, rock, or something else?",maybe hip hop or rock,"Bot: That sounds great! Can you share the location of the event? User: Monachium. Bot: Interesting. What type of musical act are you considering? DJ, band, ensemble, or a solo artist? User: i dont care. Bot: Alright. Do you have a preference for the music genre? Hip hop, rock, or something else? User: maybe hip hop or rock",genre
Got it. What's your budget limit for this?,i dont wont to spend more than 1000 euros,"Bot: That sounds great! Can you share the location of the event? User: Monachium. Bot: Interesting. What type of musical act are you considering? DJ, band, ensemble, or a solo artist? User: i dont care. Bot: Alright. Do you have a preference for the music genre? Hip hop, rock, or something else? User: maybe hip hop or rock. Bot: Got it. What's your budget limit for this? User: i dont wont to spend more than 1000 euros",price
Understood. I'll show you some artists that fit your criteria.,,"Bot: That sounds great! Can you share the location of the event? User: Monachium. Bot: Interesting. What type of musical act are you considering? DJ, band, ensemble, or a solo artist? User: i dont care. Bot: Alright. Do you have a preference for the music genre? Hip hop, rock, or something else? User: maybe hip hop or rock. Bot: Got it. What's your budget limit for this? User: i dont wont to spend more than 1000 euros. Bot: Understood. I'll show you some artists that fit your criteria.",conclusion
Cool! Could you tell me where is it?,Berlin,Bot: Cool! Could you tell me where is it? User: Berlin,location
"Sounds promising. Are you looking for a DJ, band, ensemble or solo artist?",I'm not sure yet.,"Bot: Cool! Could you tell me where is it? User: Berlin. Bot: Sounds promising. Are you looking for a DJ, band, ensemble or solo artist? User: I'm not sure yet.",formation
Okay then. Which music genre are you interested in?,Maybe electronic or indie.,"Bot: Cool! Could you tell me where is it? User: Berlin. Bot: Sounds promising. Are you looking for a DJ, band, ensemble or solo artist? User: I'm not sure yet. Bot: Okay then. Which music genre are you interested in? User: Maybe electronic or indie.",genre
Okay. How much would you like to pay?,"I'm flexible, but not more than $1000.","Bot: Cool! Could you tell me where is it? User: Berlin. Bot: Sounds promising. Are you looking for a DJ, band, ensemble or solo artist? User: I'm not sure yet. Bot: Okay then. Which music genre are you interested in? User: Maybe electronic or indie. Bot: Okay. How much would you like to pay? User: I'm flexible, but not more than $1000.",price
Noted. Here are some artists that might interest you.,,"Bot: Cool! Could you tell me where is it? User: Berlin. Bot: Sounds promising. Are you looking for a DJ, band, ensemble or solo artist? User: I'm not sure yet. Bot: Okay then. Which music genre are you interested in? User: Maybe electronic or indie. Bot: Okay. How much would you like to pay? User: I'm flexible, but not more than $1000. Bot: Noted. Here are some artists that might interest you.",conclusion
That sounds great! Can you share the location of the event?,Miami,Bot: That sounds great! Can you share the location of the event? User: Miami,location
"Interesting. What type of musical act are you considering? DJ, band, ensemble, or a solo artist?",I'm not sure. It's for my sister's birthday and my father's 50th birthday celebration.,"Bot: That sounds great! Can you share the location of the event? User: Miami. Bot: Interesting. What type of musical act are you considering? DJ, band, ensemble, or a solo artist? User: I'm not sure. It's for my sister's birthday and my father's 50th birthday celebration.",formation
Alright. Do you have a preference for the music genre?,"I'm not picky, but something upbeat would be nice.","Bot: That sounds great! Can you share the location of the event? User: Miami. Bot: Interesting. What type of musical act are you considering? DJ, band, ensemble, or a solo artist? User: I'm not sure. It's for my sister's birthday and my father's 50th birthday celebration. Bot: Alright. Do you have a preference for the music genre? User: I'm not picky, but something upbeat would be nice.",genre
Got it. What's your budget limit for this?,"I haven't decided yet, but I'll try to keep it reasonable.","Bot: That sounds great! Can you share the location of the event? User: Miami. Bot: Interesting. What type of musical act are you considering? DJ, band, ensemble, or a solo artist? User: I'm not sure. It's for my sister's birthday and my father's 50th birthday celebration. Bot: Alright. Do you have a preference for the music genre? User: I'm not picky, but something upbeat would be nice. Bot: Got it. What's your budget limit for this? User: I haven't decided yet, but I'll try to keep it reasonable.",price
Understood. I'll keep that in mind while suggesting artists.,,"Bot: That sounds great! Can you share the location of the event? User: Miami. Bot: Interesting. What type of musical act are you considering? DJ, band, ensemble, or a solo artist? User: I'm not sure. It's for my sister's birthday and my father's 50th birthday celebration. Bot: Alright. Do you have a preference for the music genre? User: I'm not picky, but something upbeat would be nice. Bot: Got it. What's your budget limit for this? User: I haven't decided yet, but I'll try to keep it reasonable. Bot: Understood. I'll keep that in mind while suggesting artists.",conclusion
That sounds great! Can you share the location of the event?,"Chicago, I guess?","Bot: That sounds great! Can you share the location of the event? User: Chicago, I guess?",location
"Interesting. What type of musical act are you considering? DJ, band, ensemble, or a solo artist?","Hmm, not sure, maybe just a DJ or something?","Bot: That sounds great! Can you share the location of the event? User: Chicago, I guess? Bot: Interesting. What type of musical act are you considering? DJ, band, ensemble, or a solo artist? User: Hmm, not sure, maybe just a DJ or something?",formation
Alright. Do you have a preference for the music genre?,"I don't know, something fun?","Bot: That sounds great! Can you share the location of the event? User: Chicago, I guess? Bot: Interesting. What type of musical act are you considering? DJ, band, ensemble, or a solo artist? User: Hmm, not sure, maybe just a DJ or something? Bot: Alright. Do you have a preference for the music genre? User: I don't know, something fun?",genre
Got it. What's your budget limit for this?,"Ehh, probably not too much, maybe like a few hundred bucks?","Bot: That sounds great! Can you share the location of the event? User: Chicago, I guess? Bot: Interesting. What type of musical act are you considering? DJ, band, ensemble, or a solo artist? User: Hmm, not sure, maybe just a DJ or something? Bot: Alright. Do you have a preference for the music genre? User: I don't know, something fun? Bot: Got it. What's your budget limit for this? User: Ehh, probably not too much, maybe like a few hundred bucks?",price
Understood. I'll keep that in mind while suggesting artists.,,"Bot: That sounds great! Can you share the location of the event? User: Chicago, I guess? Bot: Interesting. What type of musical act are you considering? DJ, band, ensemble, or a solo artist? User: Hmm, not sure, maybe just a DJ or something? Bot: Alright. Do you have a preference for the music genre? User: I don't know, something fun? Bot: Got it. What's your budget limit for this? User: Ehh, probably not too much, maybe like a few hundred bucks? Bot: Understood. I'll keep that in mind while suggesting artists.",conclusion
Sounds nice! Where is it?,In Berlin.,Bot: Sounds nice! Where is it? User: In Berlin.,location
"I like this area. Are you looking for a DJ, band, ensemble, or solo artist?",Solo artist.,"Bot: Sounds nice! Where is it? User: In Berlin. Bot: I like this area. Are you looking for a DJ, band, ensemble, or solo artist? User: Solo artist.",formation
Good choice. Which music genre are you interested in?,Pop.,"Bot: Sounds nice! Where is it? User: In Berlin. Bot: I like this area. Are you looking for a DJ, band, ensemble, or solo artist? User: Solo artist. Bot: Good choice. Which music genre are you interested in? User: Pop.",genre
Nice. How much would you like to pay?,$600.,"Bot: Sounds nice! Where is it? User: In Berlin. Bot: I like this area. Are you looking for a DJ, band, ensemble, or solo artist? User: Solo artist. Bot: Good choice. Which music genre are you interested in? User: Pop. Bot: Nice. How much would you like to pay? User: $600.",price
Noted. Check the website. Here are some artists that might interest you.,,"Bot: Sounds nice! Where is it? User: In Berlin. Bot: I like this area. Are you looking for a DJ, band, ensemble, or solo artist? User: Solo artist. Bot: Good choice. Which music genre are you interested in? User: Pop. Bot: Nice. How much would you like to pay? User: $600. Bot: Noted. Check the website. Here are some artists that might interest you.",conclusion
